Date,Seoul_General,Age_0_5,Age_5_10,Age_10_15,Age_15_20,Age_20_over,Size_0_40,Size_40_60,Size_60_85,Size_85_102,Size_102_135,Size_135_over
2012-05-07,0.0,0.0,0.0,0.0,0.0,0.0,0.0,0.0,0.0,0.0,0.0,0.0
2012-05-14,-0.3,-0.04,-0.18,-0.31,-0.45,-0.42,-0.04,0.0,-0.32,-0.29,-0.58,-0.21
2012-05-21,-0.1,-0.13,-0.11,-0.16,-0.29,-0.12,-0.04,0.0,-0.13,-0.16,-0.01,-0.14
2012-05-28,-0.18,-0.26,-0.06,-0.15,-0.25,-0.28,-0.06,0.0,-0.15,-0.21,-0.25,-0.2
2012-06-04,-0.17,-0.58,-0.23,-0.18,-0.27,-0.24,-0.14,0.0,-0.2,-0.28,-0.31,-0.23
2012-06-11,-0.25,-0.2,-0.26,-0.21,-0.55,-0.48,0.0,0.0,-0.35,-0.36,-0.18,-0.43
2012-06-18,-0.11,-0.08,-0.12,-0.07,-0.26,-0.17,0.0,0.0,-0.14,-0.14,-0.09,-0.07
2012-06-25,-0.24,-0.14,-0.14,-0.19,-0.15,-0.26,0.0,0.0,-0.15,-0.18,-0.32,-0.29
2012-07-02,-0.09,-0.67,-0.08,-0.14,-0.32,-0.18,0.0,0.0,-0.19,-0.22,-0.15,-0.26
2012-07-09,-0.09,-0.26,-0.16,-0.15,-0.22,-0.24,-0.01,0.0,-0.17,-0.17,-0.02,-0.34
2012-07-16,-0.1,-0.13,-0.14,-0.2,-0.31,-0.32,0.0,0.0,-0.21,-0.19,-0.56,-0.33
2012-07-23,-0.08,-0.18,-0.16,-0.22,-0.14,-0.29,0.0,0.0,-0.23,-0.19,-0.19,-0.25
2012-07-30,-0.07,-0.16,-0.15,-0.18,-0.12,-0.14,0.0,0.0,-0.16,-0.15,-0.08,-0.14
2012-08-06,-0.08,-0.12,-0.25,-0.19,-0.19,-0.37,-0.13,0.0,-0.22,-0.23,-0.4,-0.38
2012-08-13,-0.18,-0.31,-0.17,-0.18,-0.16,-0.26,-0.05,0.0,-0.22,-0.19,-0.26,-0.2
2012-08-20,-0.11,-0.12,-0.22,-0.17,-0.21,-0.23,-0.09,0.0,-0.19,-0.22,-0.1,-0.24
2012-08-27,-0.14,-0.16,-0.2,-0.16,-0.15,-0.27,-0.22,0.0,-0.22,-0.2,-0.34,-0.27
2012-09-03,-0.1,-0.3,-0.09,-0.09,-0.2,-0.25,-0.07,0.0,-0.09,-0.18,-0.5,-0.19
2012-09-10,-0.09,-0.07,-0.15,-0.06,-0.11,-0.22,0.01,0.0,-0.16,-0.14,-0.13,-0.05
2012-09-17,-0.1,-0.13,-0.19,-0.13,-0.08,-0.25,0.0,0.0,-0.22,-0.16,-0.03,-0.16
2012-09-24,-0.12,-0.2,-0.1,-0.18,-0.11,-0.36,-0.54,0.0,-0.16,-0.22,-0.26,-0.23
2012-10-01,-0.07,-0.15,-0.07,-0.07,-0.1,-0.14,0.0,0.0,-0.08,-0.1,-0.12,-0.16
2012-10-08,-0.04,-0.08,-0.07,0.01,0.0,-0.15,0.05,0.0,0.02,-0.08,-0.24,-0.15
2012-10-15,-0.14,-0.06,-0.04,-0.14,-0.13,-0.12,-0.35,0.0,-0.08,-0.09,-0.19,-0.15
2012-10-22,-0.22,-0.1,-0.04,-0.18,-0.25,-0.16,0.01,0.0,-0.12,-0.12,-0.38,-0.22
2012-10-29,-0.07,-0.07,-0.13,-0.09,-0.03,-0.13,0.02,0.0,-0.04,-0.07,-0.18,-0.21
2012-11-05,-0.14,-0.15,-0.1,-0.07,-0.2,-0.15,0.03,0.0,-0.08,-0.12,-0.11,-0.24
2012-11-12,-0.15,-0.06,-0.15,-0.09,-0.21,-0.11,0.15,0.0,-0.08,-0.15,-0.03,-0.15
2012-11-19,-0.22,-0.14,-0.11,-0.19,-0.11,-0.16,0.03,0.0,-0.09,-0.15,-0.19,-0.28
2012-11-26,-0.15,-0.12,-0.15,-0.12,-0.18,-0.18,0.04,0.0,-0.06,-0.2,-0.13,-0.24
2012-12-03,-0.23,-0.05,-0.2,-0.2,-0.33,-0.25,0.02,0.0,-0.2,-0.24,0.0,-0.23
2012-12-10,-0.1,-0.14,-0.16,-0.13,-0.19,-0.17,0.47,0.0,-0.09,-0.14,0.46,-0.34
2012-12-17,-0.06,-0.09,-0.04,-0.13,-0.1,-0.18,0.0,0.0,-0.08,-0.13,-0.36,-0.08
2012-12-24,-0.1,-0.08,-0.06,-0.04,-0.21,-0.26,0.0,0.0,-0.12,-0.13,-0.3,-0.13
2012-12-31,-0.09,-0.01,-0.15,-0.09,-0.15,-0.13,0.08,0.0,-0.13,-0.16,-0.16,0.01
2013-01-07,-0.1,-0.06,-0.1,-0.08,-0.19,-0.18,0.0,0.0,-0.08,-0.14,-0.24,-0.13
2013-01-14,-0.12,-0.11,-0.16,-0.07,-0.14,-0.21,0.0,0.0,-0.12,-0.15,-0.19,-0.15
2013-01-21,-0.1,-0.08,-0.13,-0.09,-0.08,-0.18,0.0,0.0,-0.06,-0.14,-0.27,-0.12
2013-01-28,-0.1,-0.2,-0.07,-0.03,-0.11,-0.03,-0.03,0.0,0.0,-0.07,-0.17,-0.1
2013-02-04,-0.09,-0.06,-0.04,-0.12,-0.08,-0.06,-0.02,0.0,-0.04,-0.09,-0.12,-0.11
2013-02-11,-0.18,-0.08,-0.09,-0.1,-0.26,-0.13,0.0,0.0,-0.09,-0.13,-0.31,-0.14
2013-02-18,-0.14,-0.05,-0.13,-0.06,-0.27,-0.07,-0.05,0.0,-0.05,-0.14,-0.12,-0.18
2013-02-25,-0.1,-0.01,-0.12,-0.06,-0.02,-0.02,-0.09,0.0,0.05,-0.12,-0.15,0.02
2013-03-04,-0.06,-0.16,-0.01,0.02,-0.02,0.05,0.0,0.0,0.11,-0.05,0.01,0.01
2013-03-11,-0.06,-0.1,-0.05,0.02,0.05,0.05,0.02,0.0,0.0,0.03,0.02,-0.06
2013-03-18,-0.13,-0.03,-0.07,0.03,0.01,-0.07,0.0,0.0,0.01,-0.05,-0.15,-0.14
2013-03-25,-0.08,-0.15,-0.01,0.0,0.05,-0.11,-0.08,0.0,-0.08,0.03,0.06,-0.03
2013-04-01,-0.11,0.07,0.05,0.04,-0.12,0.16,-0.12,0.0,0.03,0.09,0.15,-0.01
2013-04-08,0.06,0.08,0.11,0.21,0.22,0.13,-0.03,0.0,0.23,0.17,0.0,0.07
2013-04-15,0.01,0.03,-0.01,0.07,0.08,0.25,0.0,0.0,0.19,0.1,0.05,-0.03
2013-04-22,0.02,0.03,-0.08,0.13,0.13,0.06,0.02,0.0,0.15,0.09,0.03,-0.05
2013-04-29,0.06,0.22,0.01,0.02,0.17,0.14,0.08,0.0,0.13,0.14,0.06,-0.03
2013-05-06,0.02,0.07,0.05,0.08,0.07,0.11,0.03,0.0,0.09,0.16,0.01,-0.12
2013-05-13,0.06,0.09,0.1,0.12,0.1,0.14,0.16,0.0,0.19,0.11,0.05,0.07
2013-05-20,0.02,-0.21,-0.02,0.02,0.05,0.04,-0.01,0.0,0.04,0.01,-0.07,-0.02
2013-05-27,0.0,0.0,0.0,-0.02,0.04,-0.06,0.0,0.0,0.04,-0.04,-0.1,-0.07
2013-06-03,-0.07,-0.05,-0.05,-0.09,-0.07,-0.09,0.03,0.0,-0.06,-0.05,-0.02,-0.17
2013-06-10,-0.06,-0.18,-0.1,-0.04,-0.08,-0.1,0.07,0.0,0.02,-0.09,-0.08,-0.18
2013-06-17,-0.05,-0.13,-0.15,-0.1,0.03,-0.13,0.0,0.0,-0.01,-0.14,-0.1,-0.13
2013-06-24,-0.1,-0.02,-0.13,-0.04,-0.14,-0.19,0.16,0.0,-0.07,-0.09,-0.17,-0.25
2013-07-01,-0.08,-0.04,-0.13,-0.16,-0.13,-0.17,0.03,0.0,-0.1,-0.17,-0.12,-0.2
2013-07-08,-0.09,-0.23,-0.09,-0.08,-0.15,-0.12,0.0,0.0,-0.07,-0.14,-0.05,-0.17
2013-07-15,-0.11,-0.15,-0.11,-0.12,-0.15,-0.17,0.0,0.0,-0.11,-0.17,-0.05,-0.18
2013-07-22,-0.12,-0.09,-0.09,-0.06,-0.16,-0.14,0.0,0.0,-0.09,-0.11,-0.12,-0.17
2013-07-29,-0.13,-0.19,-0.03,-0.09,-0.07,-0.16,-0.03,0.0,-0.09,-0.12,-0.13,-0.09
2013-08-05,-0.11,-0.22,-0.07,-0.09,-0.12,-0.22,-0.02,0.0,-0.13,-0.12,-0.13,-0.21
2013-08-12,-0.14,0.0,-0.15,-0.14,-0.08,-0.15,-0.23,0.0,-0.16,-0.12,-0.07,-0.03
2013-08-19,-0.08,-0.02,-0.17,-0.07,-0.08,-0.09,-0.08,0.0,-0.05,-0.11,-0.2,-0.09
2013-08-26,-0.08,-0.1,-0.05,-0.1,-0.04,-0.02,-0.13,0.0,-0.04,-0.06,-0.13,-0.05
2013-09-02,-0.08,0.08,-0.04,0.06,0.02,0.09,-0.01,0.0,0.09,0.03,0.07,0.02
2013-09-09,0.0,0.06,0.11,0.1,0.08,0.2,-0.07,0.0,0.2,0.12,0.12,0.07
2013-09-16,0.11,0.05,0.07,0.21,0.11,0.07,-0.1,0.0,0.2,0.09,0.08,0.05
2013-09-23,0.06,0.11,0.03,0.12,0.15,0.04,-0.07,0.0,0.07,0.09,0.02,0.08
2013-09-30,0.14,0.18,0.01,0.19,0.23,0.19,-0.29,0.0,0.26,0.14,0.11,0.09
2013-10-07,0.2,0.22,0.13,0.25,0.17,0.16,0.04,0.0,0.29,0.21,0.06,0.07
2013-10-14,0.14,0.11,0.08,0.18,0.25,0.16,0.02,0.0,0.2,0.18,0.18,0.09
2013-10-21,0.09,0.17,0.08,0.23,0.05,0.07,-0.12,0.0,0.21,0.11,0.07,0.06
2013-10-28,0.06,0.12,0.02,0.1,0.04,0.01,-0.17,0.0,0.05,0.06,0.16,0.05
2013-11-04,0.0,0.06,-0.01,0.03,0.0,-0.06,0.0,0.0,0.0,0.01,0.02,-0.01
2013-11-11,-0.01,-0.04,-0.04,0.07,0.01,-0.02,0.05,0.0,0.02,0.02,-0.01,-0.04
2013-11-18,0.04,-0.05,-0.03,0.0,0.01,0.0,0.06,0.0,0.04,0.0,0.05,-0.01
2013-11-25,0.02,-0.04,-0.01,0.0,-0.07,-0.01,-0.05,0.0,-0.09,0.0,0.0,0.04
2013-12-02,0.02,0.02,-0.01,0.01,-0.07,-0.03,0.07,0.0,0.02,-0.04,-0.08,0.02
2013-12-09,0.08,0.12,0.05,0.0,0.12,-0.06,0.01,0.0,0.09,0.01,-0.03,-0.03
2013-12-16,0.1,0.04,0.02,0.08,0.07,0.04,0.02,0.0,0.06,0.09,0.16,-0.02
2013-12-23,0.05,-0.07,0.11,0.02,0.08,0.04,0.0,0.0,0.11,0.03,0.07,-0.01
2013-12-30,0.09,0.01,0.02,0.08,0.1,0.02,0.13,0.0,0.09,0.06,0.03,0.0
2014-01-06,0.08,-0.01,0.1,0.06,0.19,0.02,0.07,0.0,0.06,0.11,0.03,0.05
2014-01-13,0.06,-0.39,0.51,-0.61,0.86,0.15,0.07,0.0,0.13,0.04,0.13,0.08
2014-01-20,0.12,0.01,0.13,0.12,0.11,0.16,0.0,0.0,0.16,0.13,0.02,0.1
2014-01-27,0.1,0.05,0.08,0.09,0.14,0.17,0.0,0.0,0.12,0.18,0.16,0.06
2014-02-03,0.05,0.1,0.1,0.04,0.11,0.16,-0.01,0.0,0.16,0.1,0.04,0.08
2014-02-10,0.13,0.04,0.01,0.08,0.22,0.16,-0.01,0.0,0.21,0.1,0.15,0.01
2014-02-17,0.1,0.23,0.12,0.12,0.11,0.18,-0.14,0.0,0.22,0.16,0.12,0.09
2014-02-24,0.12,0.1,0.13,0.13,0.15,0.14,0.04,0.0,0.13,0.13,0.07,0.17
2014-03-03,0.08,0.17,0.11,0.12,0.07,0.17,0.15,0.0,0.16,0.15,0.08,0.08
2014-03-10,0.14,0.01,0.07,0.08,0.13,0.09,-0.01,0.0,0.08,0.09,0.1,0.1
2014-03-17,0.03,0.12,0.05,0.02,0.01,0.03,0.2,0.0,0.02,0.04,0.05,0.03
2014-03-24,0.05,-0.06,0.03,0.0,0.06,0.0,0.05,0.0,-0.02,0.05,-0.01,-0.02
2014-03-31,0.02,-0.13,0.02,0.05,0.0,-0.02,0.0,0.0,-0.01,0.04,-0.03,-0.02
2014-04-07,0.04,0.0,-0.02,0.04,0.05,-0.03,0.03,0.0,0.02,0.01,0.07,-0.04
2014-04-14,0.01,0.01,-0.01,-0.06,0.02,-0.01,0.0,0.0,0.0,-0.04,0.1,-0.01
2014-04-21,-0.01,-0.03,0.01,-0.01,-0.06,0.0,-0.01,0.0,-0.04,0.01,0.03,0.03
2014-04-28,-0.02,-0.12,-0.01,-0.06,-0.02,0.01,0.0,0.0,-0.05,-0.03,0.08,0.01
2014-05-05,-0.01,0.02,-0.02,-0.02,-0.07,-0.03,0.0,0.0,-0.02,-0.03,-0.02,-0.04
2014-05-12,-0.02,0.12,-0.07,-0.02,0.0,-0.06,-0.14,0.0,-0.02,-0.04,0.01,-0.05
2014-05-19,-0.03,0.08,-0.09,-0.04,-0.02,-0.03,0.0,0.0,-0.02,-0.03,-0.05,-0.04
2014-05-26,-0.04,0.0,-0.07,-0.09,0.06,-0.01,0.0,0.0,0.0,-0.06,-0.01,-0.01
2014-06-02,-0.01,0.07,-0.04,-0.01,-0.01,-0.04,0.0,0.0,-0.03,-0.03,0.03,-0.02
2014-06-09,-0.03,-0.03,-0.05,-0.04,-0.02,-0.03,-0.17,0.0,-0.03,-0.04,-0.02,-0.04
2014-06-16,-0.01,-0.01,-0.02,-0.07,-0.03,-0.01,0.0,0.0,-0.01,-0.03,-0.05,-0.06
2014-06-23,-0.02,0.01,0.02,-0.02,0.0,-0.01,-0.04,0.0,-0.03,0.0,0.04,0.02
2014-06-30,-0.02,0.0,0.02,0.0,-0.03,-0.02,-0.01,0.0,0.02,0.0,0.1,-0.06
2014-07-07,-0.02,0.0,0.0,0.02,-0.02,0.0,0.37,0.0,-0.01,0.02,0.0,0.01
2014-07-14,-0.02,-0.02,0.02,-0.02,0.0,0.01,0.06,0.0,-0.01,-0.01,0.13,-0.02
2014-07-21,-0.03,0.02,-0.03,-0.07,0.01,0.09,0.0,0.0,0.03,0.0,-0.01,-0.04
2014-07-28,-0.02,0.05,0.03,0.0,0.08,0.0,0.09,0.0,0.01,0.03,0.0,0.02
2014-08-04,0.01,0.03,0.02,-0.01,-0.05,0.06,0.0,0.0,0.07,-0.01,0.07,-0.02
2014-08-11,0.02,0.01,0.02,0.03,0.08,0.11,-0.04,0.0,0.11,0.04,0.11,0.05
2014-08-18,0.04,0.1,0.05,0.06,0.15,0.03,0.0,0.0,0.05,0.08,0.12,0.05
2014-08-25,0.05,0.07,0.06,0.09,0.08,0.17,0.0,0.0,0.12,0.12,0.18,0.04
2014-09-01,0.05,0.05,0.05,0.13,0.07,0.14,0.0,0.0,0.16,0.08,0.34,0.05
2014-09-08,0.06,0.06,0.07,0.1,0.08,0.2,0.05,0.0,0.15,0.11,0.27,0.15
2014-09-15,0.1,0.12,0.04,0.07,-0.05,0.2,0.0,0.0,0.08,0.12,0.09,0.05
2014-09-22,0.09,0.07,0.1,0.15,0.13,0.18,-0.04,0.0,0.16,0.14,0.31,0.12
2014-09-29,0.11,0.07,0.13,0.12,0.08,0.22,0.15,0.0,0.1,0.18,0.3,0.16
2014-10-06,0.13,0.04,0.13,0.08,0.07,0.26,-0.06,0.0,0.14,0.16,0.17,0.07
2014-10-13,0.06,0.03,0.11,0.12,0.04,0.09,0.06,0.0,0.13,0.08,0.14,0.01
2014-10-20,0.08,0.01,0.12,0.07,0.03,0.12,0.04,0.0,0.07,0.13,0.05,0.0
2014-10-27,0.05,0.04,0.05,0.03,0.04,0.04,-0.05,0.0,0.04,0.03,0.03,0.01
2014-11-03,0.04,-0.02,0.02,-0.02,0.05,0.11,0.08,0.0,0.04,0.01,0.03,0.08
2014-11-10,0.05,0.04,0.01,-0.03,-0.01,0.07,-0.05,0.0,0.06,0.0,-0.05,0.0
2014-11-17,0.05,-0.05,0.03,-0.02,0.0,0.04,-0.05,0.0,0.04,0.01,-0.19,-0.02
2014-11-24,0.04,-0.02,-0.01,-0.01,0.03,0.01,0.0,0.0,0.02,0.0,-0.01,-0.02
2014-12-01,0.02,0.01,0.01,0.0,-0.01,0.01,0.17,0.0,0.01,0.01,0.04,0.0
2014-12-08,0.02,0.0,0.0,0.04,-0.01,0.0,0.23,0.0,0.01,0.01,-0.04,-0.03
2014-12-15,0.02,0.0,0.01,-0.02,0.01,0.0,0.04,0.0,-0.02,0.01,0.03,0.01
2014-12-22,0.01,0.05,0.01,-0.01,0.0,0.0,0.01,0.0,0.0,0.01,-0.01,0.01
2014-12-29,0.03,0.05,0.01,0.04,-0.07,0.11,0.14,0.0,0.06,0.04,0.06,0.0
2015-01-05,0.03,0.08,0.02,0.01,0.05,0.09,0.01,0.0,0.13,-0.01,0.07,0.03
2015-01-12,0.01,0.08,0.01,0.01,0.06,0.02,0.05,0.0,0.02,0.02,0.09,0.0
2015-01-19,0.07,-0.05,0.02,0.04,0.07,0.11,0.01,0.0,0.09,0.06,0.05,0.06
2015-01-26,0.06,-0.03,0.11,0.06,0.05,0.11,0.01,0.0,0.06,0.09,0.02,0.1
2015-02-02,0.07,0.06,0.07,0.06,0.05,0.15,0.03,0.0,0.12,0.1,0.12,0.09
2015-02-09,0.13,0.01,0.13,0.08,0.12,0.2,0.08,0.0,0.21,0.13,0.22,0.07
2015-02-16,0.13,0.0,0.09,0.12,0.19,0.21,0.04,0.0,0.2,0.16,0.23,0.1
2015-02-23,0.09,0.11,0.1,0.11,0.1,0.16,0.02,0.0,0.2,0.1,0.06,0.05
2015-03-02,0.12,0.07,0.13,0.11,0.16,0.27,0.05,0.0,0.23,0.18,0.18,0.12
2015-03-09,0.16,0.16,0.1,0.17,0.17,0.22,0.03,0.0,0.22,0.19,0.25,0.14
2015-03-16,0.14,0.02,0.08,0.16,0.15,0.24,0.08,0.0,0.21,0.21,0.1,0.11
2015-03-23,0.18,0.01,0.07,0.16,0.15,0.27,0.0,0.0,0.26,0.15,0.07,0.13
2015-03-30,0.17,0.09,0.1,0.19,0.3,0.27,0.03,0.0,0.23,0.22,0.16,0.12
2015-04-06,0.13,0.02,0.26,0.16,0.15,0.22,0.06,0.0,0.18,0.21,0.18,0.17
2015-04-13,0.15,0.05,0.13,0.19,0.21,0.22,-0.03,0.0,0.2,0.2,0.19,0.11
2015-04-20,0.1,0.14,0.06,0.13,0.15,0.2,0.0,0.0,0.17,0.16,0.22,0.11
2015-04-27,0.11,0.04,0.12,0.18,0.14,0.22,-0.02,0.0,0.21,0.17,0.12,0.06
2015-05-04,0.12,0.06,0.11,0.2,0.14,0.21,0.05,0.0,0.24,0.18,0.18,0.17
2015-05-11,0.12,0.12,0.07,0.12,0.19,0.21,-0.04,0.0,0.21,0.13,0.39,0.15
2015-05-18,0.14,0.08,0.2,0.17,0.15,0.19,-0.01,0.0,0.21,0.15,0.06,0.19
2015-05-25,0.13,0.05,0.25,0.25,0.14,0.16,-0.04,0.0,0.27,0.2,0.08,0.11
2015-06-01,0.12,0.14,0.07,0.18,0.14,0.18,0.12,0.0,0.18,0.18,0.17,0.11
2015-06-08,0.13,0.05,0.11,0.13,0.24,0.17,0.05,0.0,0.2,0.15,0.25,0.17
2015-06-15,0.12,0.06,0.1,0.16,0.2,0.17,0.19,0.0,0.15,0.18,0.08,0.11
2015-06-22,0.16,0.11,0.08,0.2,0.06,0.18,0.07,0.0,0.16,0.17,0.1,0.14
2015-06-29,0.14,0.01,0.16,0.14,0.32,0.16,-0.12,0.0,0.16,0.17,0.35,0.12
2015-07-06,0.11,0.02,0.1,0.11,0.11,0.16,-0.03,0.0,0.17,0.09,0.29,0.13
2015-07-13,0.13,0.06,0.08,0.08,0.14,0.19,0.05,0.0,0.18,0.13,0.15,0.09
2015-07-20,0.22,0.05,0.18,0.16,0.14,0.22,0.36,0.0,0.23,0.18,0.07,0.1
2015-07-27,0.14,0.3,0.07,0.12,0.16,0.19,0.09,0.0,0.26,0.13,0.16,0.07
2015-08-03,0.17,0.18,0.1,0.16,0.17,0.2,-0.02,0.0,0.21,0.16,0.09,0.14
2015-08-10,0.15,0.0,0.15,0.11,0.16,0.21,0.18,0.0,0.2,0.17,0.15,0.1
2015-08-17,0.14,0.07,0.11,0.12,0.13,0.14,0.11,0.0,0.17,0.15,0.14,0.04
2015-08-24,0.23,0.09,0.15,0.16,0.18,0.22,0.05,0.0,0.28,0.17,0.12,0.09
2015-08-31,0.17,0.15,0.24,0.14,0.19,0.17,0.17,0.0,0.19,0.17,0.22,0.15
2015-09-07,0.17,0.04,0.22,0.14,0.14,0.19,0.05,0.0,0.25,0.16,0.1,0.08
2015-09-14,0.18,0.37,0.2,0.15,0.23,0.17,0.05,0.0,0.23,0.2,0.15,0.12
2015-09-21,0.22,0.15,0.23,0.22,0.25,0.18,0.05,0.0,0.22,0.23,0.12,0.22
2015-09-28,0.21,0.16,0.16,0.17,0.15,0.21,0.07,0.0,0.2,0.22,0.29,0.11
2015-10-05,0.2,0.23,0.12,0.16,0.15,0.21,0.0,0.0,0.19,0.21,0.09,0.14
2015-10-12,0.21,0.18,0.18,0.23,0.28,0.2,0.04,0.0,0.27,0.2,0.07,0.21
2015-10-19,0.23,0.23,0.13,0.23,0.23,0.23,0.07,0.0,0.3,0.21,0.11,0.14
2015-10-26,0.19,0.11,0.12,0.19,0.24,0.21,0.05,0.0,0.27,0.18,0.31,0.08
2015-11-02,0.2,0.05,0.19,0.24,0.18,0.18,0.09,0.0,0.26,0.17,0.13,0.16
2015-11-09,0.15,0.14,0.14,0.18,0.17,0.18,0.05,0.0,0.19,0.2,0.21,0.1
2015-11-16,0.13,0.21,0.16,0.13,0.21,0.15,-0.13,0.0,0.18,0.17,0.06,0.14
2015-11-23,0.12,0.21,0.19,0.13,0.17,0.11,-0.07,0.0,0.16,0.15,0.04,0.14
2015-11-30,0.08,0.0,0.12,0.08,0.09,0.09,0.0,0.0,0.09,0.11,0.09,0.05
2015-12-07,0.08,0.05,0.06,0.06,0.15,0.05,0.02,0.0,0.08,0.08,0.06,0.06
2015-12-14,0.05,0.0,0.02,0.03,0.09,0.04,0.12,0.0,0.05,0.05,0.09,0.02
2015-12-21,0.03,0.0,0.04,0.04,0.06,0.03,-0.02,0.0,0.04,0.04,0.01,0.02
2015-12-28,0.0,0.01,0.03,0.03,0.02,-0.03,0.01,0.0,-0.02,0.01,0.03,0.02
2016-01-04,0.0,0.0,-0.02,0.03,0.02,-0.01,0.03,0.0,0.02,0.0,-0.08,0.01
2016-01-11,0.02,0.08,0.0,0.0,0.02,-0.02,0.07,0.0,0.01,0.0,-0.06,-0.03
2016-01-18,0.02,0.01,0.02,0.03,0.04,-0.02,0.02,0.0,0.01,0.01,-0.02,0.01
2016-01-25,0.01,-0.01,0.04,0.02,0.01,-0.01,-0.01,0.0,0.01,0.0,-0.01,0.02
2016-02-01,0.02,0.0,-0.03,0.01,0.01,0.01,0.03,0.0,0.01,0.01,0.01,-0.01
2016-02-08,0.01,0.02,-0.01,0.0,-0.01,0.0,0.02,0.0,-0.01,0.0,-0.05,0.01
2016-02-15,0.01,0.02,-0.01,-0.02,-0.02,0.0,0.0,0.0,0.0,-0.01,0.0,-0.01
2016-02-22,0.01,0.0,-0.01,0.0,0.02,-0.01,0.0,0.0,0.02,0.0,-0.01,-0.05
2016-02-29,0.01,-0.02,-0.02,0.01,0.0,-0.01,-0.03,0.0,0.02,-0.01,-0.13,-0.01
2016-03-07,0.01,-0.19,-0.01,0.0,0.02,0.01,0.0,0.0,0.02,0.0,0.0,0.0
2016-03-14,0.01,0.01,0.0,-0.01,0.01,0.0,0.02,0.0,0.0,0.0,-0.06,0.0
2016-03-21,0.01,0.03,-0.01,0.01,0.0,-0.01,-0.02,0.0,0.01,0.0,-0.06,-0.02
2016-03-28,0.0,0.02,0.0,0.01,0.0,0.01,-0.03,0.0,0.03,-0.01,0.03,0.01
2016-04-04,0.02,0.0,0.0,0.01,0.06,0.04,-0.04,0.0,0.06,0.02,0.01,0.02
2016-04-11,0.03,0.0,0.01,0.02,0.02,0.09,-0.01,0.0,0.07,0.04,0.05,0.02
2016-04-18,0.03,0.01,0.04,0.04,0.02,0.06,0.04,0.0,0.04,0.05,0.06,0.01
2016-04-25,0.03,0.02,0.04,0.05,0.03,0.06,-0.01,0.0,0.07,0.05,-0.01,0.03
2016-05-02,0.03,0.0,0.05,0.05,0.05,0.06,-0.04,0.0,0.09,0.03,0.11,0.02
2016-05-09,0.02,0.07,0.01,0.07,0.05,0.07,0.0,0.0,0.09,0.06,0.09,0.02
2016-05-16,0.02,0.0,0.01,0.05,0.07,0.1,0.0,0.0,0.13,0.05,0.13,0.02
2016-05-23,0.03,0.0,0.05,0.04,0.04,0.08,0.03,0.0,0.07,0.06,0.13,0.01
2016-05-30,0.04,0.11,0.05,0.02,0.07,0.1,-0.04,0.0,0.07,0.09,0.17,0.03
2016-06-06,0.03,0.02,0.04,0.04,0.06,0.11,-0.03,0.0,0.07,0.07,0.08,0.06
2016-06-13,0.05,0.01,0.03,0.05,0.05,0.15,-0.06,0.0,0.11,0.08,0.17,0.07
2016-06-20,0.05,0.13,0.05,0.08,0.07,0.15,-0.09,0.0,0.13,0.1,0.24,0.07
2016-06-27,0.05,-0.02,0.03,0.04,0.07,0.18,0.01,0.0,0.1,0.1,0.27,0.09
2016-07-04,0.07,0.1,0.08,0.07,0.08,0.08,-0.02,0.0,0.07,0.08,0.1,0.09
2016-07-11,0.06,0.09,0.06,0.06,0.07,0.11,-0.12,0.0,0.11,0.07,0.06,0.07
2016-07-18,0.07,0.04,0.04,0.09,0.1,0.11,0.01,0.0,0.12,0.07,0.07,0.09
2016-07-25,0.08,0.16,0.04,0.06,0.09,0.12,-0.07,0.0,0.15,0.07,0.08,0.03
2016-08-01,0.08,0.06,0.04,0.05,0.11,0.14,-0.06,0.0,0.14,0.07,0.21,0.08
2016-08-08,0.07,0.14,0.04,0.04,0.08,0.12,-0.03,0.0,0.11,0.07,0.23,0.08
2016-08-15,0.07,0.05,0.06,0.05,0.09,0.12,-0.05,0.0,0.07,0.1,0.22,0.06
2016-08-22,0.08,0.06,0.05,0.07,0.08,0.15,-0.06,0.0,0.12,0.1,0.23,0.07
2016-08-29,0.08,0.08,0.08,0.09,0.09,0.14,-0.01,0.0,0.17,0.08,0.13,0.06
2016-09-05,0.07,0.06,0.08,0.06,0.1,0.19,-0.08,0.0,0.15,0.12,0.27,0.09
2016-09-12,0.08,0.09,0.08,0.09,0.08,0.19,-0.04,0.0,0.12,0.14,0.22,0.12
2016-09-19,0.08,0.03,0.02,0.09,0.08,0.18,-0.05,0.0,0.14,0.13,0.12,0.02
2016-09-26,0.13,0.02,0.11,0.11,0.1,0.24,0.0,0.0,0.21,0.12,0.36,0.12
2016-10-03,0.15,0.1,0.13,0.11,0.11,0.32,0.01,0.0,0.25,0.18,0.43,0.15
2016-10-10,0.16,0.03,0.14,0.17,0.12,0.32,-0.01,0.0,0.28,0.19,0.5,0.16
2016-10-17,0.17,0.11,0.23,0.12,0.14,0.33,-0.02,0.0,0.3,0.17,0.65,0.17
2016-10-24,0.16,0.14,0.17,0.14,0.14,0.2,-0.07,0.0,0.24,0.13,0.22,0.15
2016-10-31,0.15,0.14,0.11,0.13,0.13,0.2,-0.01,0.0,0.19,0.14,0.23,0.09
2016-11-07,0.16,0.13,0.11,0.11,0.13,0.11,0.06,0.0,0.17,0.11,0.09,0.07
2016-11-14,0.13,0.18,0.07,0.07,0.1,0.09,0.0,0.0,0.11,0.09,-0.03,0.02
2016-11-21,0.09,0.02,0.01,0.05,0.09,0.05,0.1,0.0,0.09,0.06,0.0,0.03
2016-11-28,0.08,-0.02,0.1,0.02,0.09,0.03,0.04,0.0,0.08,0.04,0.01,0.03
2016-12-05,0.04,0.02,0.02,0.04,0.06,0.0,0.02,0.0,0.05,0.03,-0.09,-0.01
2016-12-12,0.02,0.02,0.01,0.03,0.12,-0.02,-0.05,0.0,0.05,0.02,-0.21,-0.04
2016-12-19,0.02,0.02,0.01,0.0,0.03,-0.03,0.0,0.0,0.01,0.02,-0.09,-0.04
2016-12-26,0.01,0.0,0.03,0.01,0.03,-0.01,0.02,0.0,0.03,0.0,-0.07,-0.02
2017-01-02,0.01,-0.02,0.02,-0.01,0.01,0.0,-0.05,0.0,0.03,0.0,-0.06,0.0
2017-01-09,0.0,0.02,0.01,0.02,0.01,-0.01,-0.03,0.0,0.02,0.0,0.0,0.0
2017-01-16,0.01,0.03,0.01,0.0,0.01,0.0,-0.06,0.0,0.02,0.01,-0.01,-0.03
2017-01-23,0.0,0.08,0.01,0.01,-0.01,0.01,0.0,0.0,0.01,0.02,0.0,-0.03
2017-01-30,0.01,0.0,0.0,0.0,0.01,0.03,0.02,0.0,0.02,0.02,0.02,0.01
2017-02-06,0.0,0.05,-0.01,0.0,0.0,0.02,0.0,0.0,0.01,0.01,0.1,0.0
2017-02-13,0.01,-0.08,-0.01,0.02,0.01,0.05,0.0,0.0,0.04,0.02,0.02,0.02
2017-02-20,0.01,-0.02,0.05,0.01,0.03,0.04,-0.03,0.0,0.03,0.03,0.01,0.01
2017-02-27,0.01,0.06,0.06,0.02,0.01,0.04,-0.03,0.0,0.03,0.03,0.0,0.03
2017-03-06,0.02,0.15,0.0,0.05,0.02,0.04,0.02,0.0,0.05,0.03,0.01,0.05
2017-03-13,0.02,0.02,0.06,0.02,0.05,0.05,0.11,0.0,0.05,0.04,0.1,0.04
2017-03-20,0.04,0.07,0.06,0.07,0.07,0.06,0.02,0.0,0.09,0.06,0.05,0.06
2017-03-27,0.03,0.1,0.04,0.04,0.06,0.06,-0.03,0.0,0.08,0.04,0.07,0.04
2017-04-03,0.04,0.1,0.11,0.06,0.07,0.06,0.03,0.0,0.12,0.04,0.09,0.04
2017-04-10,0.07,0.04,0.07,0.05,0.06,0.09,0.03,0.0,0.09,0.08,0.07,0.04
2017-04-17,0.07,0.08,0.09,0.08,0.05,0.1,0.02,0.0,0.11,0.09,0.08,0.03
2017-04-24,0.09,0.03,0.02,0.08,0.08,0.1,-0.06,0.0,0.11,0.08,0.08,0.07
2017-05-01,0.08,0.08,0.0,0.08,0.08,0.11,-0.01,0.0,0.13,0.08,0.06,0.07
2017-05-08,0.08,0.03,0.07,0.06,0.08,0.1,0.01,0.0,0.11,0.08,0.1,0.02
2017-05-15,0.11,0.04,0.08,0.1,0.13,0.17,0.0,0.0,0.15,0.13,0.34,0.1
2017-05-22,0.12,0.04,0.15,0.1,0.16,0.28,-0.12,0.0,0.2,0.19,0.42,0.18
2017-05-29,0.13,0.17,0.29,0.15,0.23,0.36,-0.08,0.0,0.28,0.29,0.48,0.23
2017-06-05,0.16,0.12,0.27,0.16,0.24,0.36,-0.03,0.0,0.31,0.29,0.41,0.21
2017-06-12,0.14,0.11,0.25,0.11,0.19,0.2,-0.02,0.0,0.19,0.18,0.27,0.15
2017-06-19,0.16,0.1,0.15,0.05,0.1,0.16,-0.01,0.0,0.18,0.1,0.08,0.05
2017-06-26,0.15,0.06,0.07,0.06,0.13,0.14,-0.01,0.0,0.17,0.09,0.02,0.04
2017-07-03,0.14,0.2,0.03,0.08,0.09,0.16,-0.04,0.0,0.17,0.08,0.07,0.04
2017-07-10,0.16,0.21,0.08,0.08,0.13,0.19,0.01,0.0,0.18,0.15,0.08,0.06
2017-07-17,0.16,0.06,0.15,0.06,0.2,0.22,-0.11,0.0,0.22,0.16,0.09,0.09
2017-07-24,0.22,0.11,0.19,0.15,0.21,0.34,-0.08,0.0,0.33,0.21,0.29,0.16
2017-07-31,0.24,0.29,0.29,0.17,0.26,0.46,-0.02,0.0,0.41,0.3,0.49,0.21
2017-08-07,-0.01,-0.01,0.01,0.01,-0.01,-0.08,-0.05,0.0,-0.02,-0.02,-0.15,-0.07
2017-08-14,-0.01,-0.14,-0.05,-0.01,0.01,-0.06,-0.43,0.0,-0.04,-0.04,-0.08,-0.01
2017-08-21,-0.03,-0.22,-0.03,0.0,-0.02,-0.06,-0.04,0.0,-0.03,-0.04,-0.07,-0.01
2017-08-28,-0.02,0.0,-0.03,0.0,0.05,-0.07,-0.01,0.0,-0.02,-0.04,-0.04,0.0
2017-09-04,0.0,-0.03,0.01,0.0,0.01,-0.03,-0.01,0.0,-0.01,0.0,0.01,-0.01
2017-09-11,0.02,0.03,0.01,0.04,0.08,-0.02,0.02,0.0,0.0,0.03,-0.02,-0.02
2017-09-18,0.03,0.05,0.13,0.02,0.05,0.02,-0.07,0.0,0.03,0.05,-0.1,0.01
2017-09-25,0.03,0.09,0.15,0.04,0.06,0.08,0.02,0.0,0.05,0.08,0.37,0.07
2017-10-09,0.06,0.0,0.16,0.04,0.07,0.1,0.06,0.0,0.07,0.09,0.06,0.05
2017-10-16,0.06,0.0,0.13,0.04,0.06,0.07,0.0,0.0,0.07,0.08,0.16,0.05
2017-10-23,0.06,0.08,0.06,0.07,0.11,0.05,-0.01,0.0,0.07,0.08,0.02,0.0
2017-10-30,0.04,0.1,0.08,0.05,0.08,0.08,-0.07,0.0,0.06,0.09,0.16,0.02
2017-11-06,0.05,0.03,0.08,0.09,0.06,0.08,0.0,0.0,0.05,0.11,0.0,0.05
2017-11-13,0.05,0.18,0.18,0.05,0.04,0.11,-0.06,0.0,0.06,0.11,0.08,0.07
2017-11-20,0.11,0.21,0.3,0.09,0.13,0.22,-0.08,0.0,0.13,0.2,0.58,0.13
2017-11-27,0.13,0.08,0.45,0.15,0.19,0.38,0.01,0.0,0.18,0.32,0.63,0.32
2017-12-04,0.11,0.43,0.23,0.12,0.15,0.41,0.01,0.0,0.16,0.28,0.63,0.32
2017-12-11,0.09,0.14,0.17,0.12,0.13,0.24,0.0,0.06,0.17,0.2,0.17,0.14
2017-12-18,0.12,0.16,0.17,0.15,0.1,0.25,-0.09,0.02,0.19,0.23,0.2,0.12
2017-12-25,0.14,0.09,0.2,0.16,0.16,0.26,-0.16,0.03,0.2,0.2,0.19,0.23
2018-01-01,0.11,0.38,0.43,0.14,0.14,0.35,-0.01,0.23,0.17,0.3,0.66,0.27
2018-01-08,0.13,0.2,0.33,0.16,0.25,0.41,-0.24,0.28,0.27,0.32,0.24,0.2
2018-01-15,0.18,0.19,0.6,0.2,0.28,0.57,0.0,0.14,0.41,0.41,0.36,0.38
2018-01-22,0.2,0.39,0.39,0.3,0.3,0.5,0.07,0.08,0.46,0.39,0.54,0.36
2018-01-29,0.24,0.23,0.29,0.29,0.32,0.33,-0.12,0.07,0.26,0.36,0.22,0.26
2018-02-05,0.23,0.27,0.57,0.26,0.33,0.25,-0.06,0.09,0.18,0.38,0.16,0.45
2018-02-12,0.26,0.57,0.48,0.26,0.28,0.18,-0.09,0.24,0.28,0.29,0.33,0.33
2018-02-19,0.24,0.18,0.33,0.17,0.24,0.21,-0.02,0.25,0.21,0.23,0.21,0.17
2018-02-26,0.18,0.21,0.4,0.23,0.21,0.14,0.14,0.16,0.17,0.24,0.28,0.25
2018-03-05,0.13,0.08,0.18,0.14,0.12,0.08,0.0,0.01,0.13,0.1,0.05,0.17
2018-03-12,0.12,0.11,0.14,0.17,0.16,0.03,-0.14,0.0,0.16,0.09,0.0,0.15
2018-03-19,0.1,0.04,0.18,0.17,0.13,0.05,0.01,0.04,0.16,0.11,0.03,0.12
2018-03-26,0.08,0.06,0.05,0.13,0.09,0.06,0.0,0.08,0.03,0.14,0.2,0.08
2018-04-02,0.06,0.09,0.0,0.11,0.09,0.01,0.03,0.09,0.02,0.09,0.04,0.05
2018-04-09,0.06,0.04,0.1,0.12,0.08,0.0,0.03,0.12,0.0,0.1,-0.01,0.06
2018-04-16,0.05,0.02,0.06,0.07,0.12,-0.01,-0.31,0.03,-0.01,0.07,0.04,0.08
2018-04-23,0.06,-0.07,0.01,0.09,0.09,-0.02,-0.13,-0.08,0.04,0.04,0.02,0.02
2018-04-30,0.06,0.1,0.06,0.06,0.07,-0.01,-0.06,0.08,0.05,0.04,0.1,0.01
2018-05-07,0.06,0.03,0.02,0.04,0.1,-0.02,-0.06,-0.03,0.02,0.05,0.03,0.03
2018-05-14,0.06,-0.06,-0.01,0.04,0.09,0.01,-0.01,-0.03,0.06,0.03,0.0,0.04
2018-05-21,0.07,0.03,0.03,0.01,0.12,0.01,-0.09,-0.03,0.06,0.08,-0.06,0.01
2018-05-28,0.08,0.02,0.0,0.08,0.1,-0.03,-0.14,-0.07,0.06,0.03,-0.04,0.03
2018-06-04,0.06,-0.16,-0.01,0.12,0.12,-0.05,-0.08,-0.19,0.11,0.02,-0.04,0.0
2018-06-11,0.09,-0.01,0.13,0.09,0.1,0.01,0.0,-0.02,0.07,0.06,0.0,0.06
2018-06-18,0.1,0.04,0.0,0.11,0.1,0.05,0.0,0.04,0.06,0.09,0.01,0.07
2018-06-25,0.13,0.07,0.14,0.12,0.16,0.06,-0.08,0.11,0.1,0.12,-0.02,0.1
2018-07-02,0.14,0.17,0.01,0.12,0.15,0.05,-0.27,0.15,0.09,0.1,0.03,0.08
2018-07-09,0.13,0.07,0.08,0.16,0.12,0.03,-0.09,0.11,0.09,0.09,0.04,0.08
2018-07-16,0.13,0.06,0.2,0.09,0.14,0.06,-0.24,-0.03,0.09,0.15,0.07,0.1
2018-07-23,0.13,0.07,0.23,0.08,0.07,0.12,-0.21,0.03,0.12,0.16,0.07,0.03
2018-07-30,0.15,0.05,0.33,0.08,0.16,0.19,-0.33,-0.02,0.19,0.21,0.01,0.1
2018-08-06,0.18,0.13,0.23,0.14,0.12,0.25,-0.26,0.09,0.19,0.21,0.17,0.18
2018-08-13,0.15,0.12,0.35,0.08,0.16,0.23,-0.21,0.05,0.21,0.19,0.34,0.16
2018-08-20,0.25,0.37,0.41,0.22,0.39,0.45,-0.3,0.28,0.35,0.4,0.55,0.33
2018-08-27,0.39,0.34,0.56,0.31,0.39,0.55,-0.18,0.2,0.44,0.49,0.42,0.44
2018-09-03,0.41,0.24,0.61,0.36,0.45,0.57,-0.29,0.23,0.5,0.53,0.41,0.47
2018-09-10,0.43,0.38,0.72,0.33,0.4,0.55,0.0,0.39,0.55,0.47,0.25,0.39
2018-09-17,0.24,0.21,0.25,0.26,0.21,0.32,-0.16,0.2,0.28,0.27,0.16,0.25
2018-09-24,0.12,0.04,0.16,0.1,0.08,0.1,-0.15,0.12,0.15,0.09,0.1,0.06
2018-10-01,0.12,0.18,0.08,0.04,0.09,0.1,-0.12,0.15,0.14,0.06,0.03,0.08
2018-10-08,0.08,0.06,0.07,0.04,0.07,0.07,0.03,0.1,0.09,0.04,0.1,0.07
2018-10-15,0.06,0.09,0.03,0.04,0.07,0.05,-0.02,0.01,0.05,0.05,0.05,0.09
2018-10-22,0.05,0.09,0.02,0.03,0.04,0.02,-0.42,0.04,0.03,0.03,0.01,0.04
2018-10-29,0.04,0.05,-0.01,0.02,0.04,0.0,-0.02,0.01,0.02,0.01,0.04,0.01
2018-11-05,0.03,-0.02,-0.07,0.01,0.05,-0.01,-0.02,0.0,0.02,0.0,-0.02,-0.01
2018-11-12,0.02,0.0,-0.04,0.01,0.03,-0.04,0.03,-0.05,-0.02,0.01,-0.03,0.0
2018-11-19,0.01,-0.03,-0.05,0.01,0.01,-0.05,0.0,-0.03,0.0,-0.04,-0.02,-0.02
2018-11-26,-0.01,-0.06,-0.07,-0.02,-0.01,-0.08,0.06,-0.03,-0.03,-0.07,-0.02,-0.04
2018-12-03,-0.04,-0.02,-0.08,-0.02,-0.06,-0.09,0.0,-0.05,-0.06,-0.06,-0.15,-0.06
2018-12-10,-0.04,-0.05,-0.11,-0.01,-0.03,-0.08,0.0,-0.04,-0.05,-0.05,-0.03,-0.04
2018-12-17,-0.05,-0.14,-0.13,-0.05,-0.07,-0.09,-0.01,-0.1,-0.11,-0.08,-0.06,-0.04
2018-12-24,-0.05,-0.11,-0.1,-0.06,-0.08,-0.1,-0.04,-0.1,-0.1,-0.08,-0.03,-0.08
2018-12-31,-0.06,-0.15,-0.14,-0.04,-0.06,-0.12,-0.04,-0.03,-0.1,-0.1,-0.11,-0.08
2019-01-07,-0.07,-0.04,-0.16,-0.06,-0.1,-0.14,-0.05,-0.08,-0.13,-0.09,-0.15,-0.07
2019-01-14,-0.07,-0.05,-0.11,-0.07,-0.07,-0.11,-0.67,-0.05,-0.13,-0.11,-0.04,-0.09
2019-01-21,-0.07,-0.13,-0.11,-0.06,-0.06,-0.15,-0.02,-0.09,-0.11,-0.14,-0.07,-0.12
2019-01-28,-0.07,-0.19,-0.18,-0.08,-0.08,-0.2,0.15,-0.17,-0.18,-0.07,-0.06,-0.08
2019-02-04,-0.05,-0.03,-0.11,-0.09,-0.06,-0.1,-0.08,0.0,-0.1,-0.07,-0.06,-0.12
2019-02-11,-0.05,-0.12,-0.07,-0.05,-0.06,-0.08,-0.16,-0.05,-0.08,-0.08,-0.03,-0.09
2019-02-18,-0.07,-0.09,-0.13,-0.1,-0.06,-0.13,-0.13,-0.1,-0.11,-0.09,-0.14,-0.13
2019-02-25,-0.06,-0.16,-0.11,-0.06,-0.06,-0.11,0.0,-0.08,-0.11,-0.09,-0.08,-0.04
2019-03-04,-0.08,-0.15,-0.12,-0.06,-0.1,-0.13,0.0,-0.06,-0.13,-0.12,-0.14,-0.08
2019-03-11,-0.08,-0.16,-0.08,-0.05,-0.04,-0.16,-0.27,-0.05,-0.13,-0.1,-0.11,-0.07
2019-03-18,-0.07,-0.09,-0.1,-0.06,-0.03,-0.17,-0.23,-0.01,-0.16,-0.1,-0.09,-0.08
2019-03-25,-0.07,-0.15,-0.04,-0.07,-0.08,-0.11,-0.13,-0.07,-0.17,-0.06,-0.1,-0.06
2019-04-01,-0.07,-0.15,-0.11,-0.04,-0.07,-0.09,-0.06,-0.05,-0.11,-0.08,-0.09,-0.07
2019-04-08,-0.04,-0.05,-0.03,-0.06,-0.1,-0.06,-0.38,-0.06,-0.13,-0.04,-0.1,-0.01
2019-04-15,-0.04,-0.07,-0.04,-0.06,-0.05,-0.06,-0.09,-0.06,-0.06,-0.05,-0.17,-0.05
2019-04-22,-0.04,-0.06,-0.11,-0.05,-0.09,-0.05,-0.26,-0.02,-0.09,-0.06,-0.09,-0.03
2019-04-29,-0.03,-0.07,-0.03,-0.05,-0.05,-0.04,0.0,-0.02,-0.07,-0.04,-0.02,-0.05
2019-05-06,-0.04,-0.08,-0.04,-0.03,-0.06,-0.04,0.0,-0.01,-0.07,-0.05,-0.06,-0.02
2019-05-13,-0.05,-0.07,-0.03,-0.03,-0.09,-0.02,-0.13,-0.03,-0.07,-0.04,0.0,-0.03
2019-05-20,-0.03,-0.03,-0.02,-0.05,-0.02,-0.03,0.0,-0.05,-0.04,-0.02,-0.01,-0.06
2019-05-27,-0.04,-0.04,-0.03,-0.03,-0.04,-0.01,0.0,-0.01,-0.03,-0.03,0.01,-0.04
2019-06-03,-0.02,-0.03,0.01,-0.06,-0.04,-0.01,-0.12,-0.12,-0.02,-0.01,0.0,-0.03
2019-06-10,-0.01,-0.02,0.02,-0.03,-0.01,0.0,-0.1,-0.05,-0.01,-0.01,0.02,0.0
2019-06-17,-0.01,-0.01,-0.02,-0.02,-0.02,0.01,-0.21,-0.07,0.01,-0.02,-0.01,0.01
2019-06-24,0.0,-0.04,-0.01,0.01,-0.03,0.03,-0.25,-0.07,0.0,0.02,0.01,0.01
2019-07-01,0.01,-0.03,0.01,-0.01,0.01,0.05,-0.04,-0.08,0.02,0.03,0.09,0.01
2019-07-08,0.01,-0.02,0.05,-0.02,-0.01,0.06,-0.02,-0.05,0.03,0.01,0.07,0.02
2019-07-15,0.01,0.05,0.06,0.0,0.01,0.01,-0.21,0.05,0.01,0.02,-0.01,0.0
2019-07-22,0.02,0.05,0.0,0.03,0.04,0.01,-0.19,-0.03,0.02,0.04,0.03,0.01
2019-07-29,0.02,0.1,0.02,0.03,0.0,0.01,0.2,0.04,0.04,0.03,0.0,0.0
2019-08-05,0.03,0.09,0.04,0.03,0.01,0.02,0.03,-0.01,0.04,0.03,0.02,0.04
2019-08-12,0.03,0.06,0.02,0.04,0.02,0.02,-0.02,0.03,0.03,0.03,0.03,0.0
2019-08-19,0.03,0.02,0.06,0.05,0.03,0.01,-0.03,-0.04,0.05,0.03,-0.04,0.01
2019-08-26,0.03,0.05,0.05,0.03,0.03,0.01,0.0,-0.01,0.04,0.03,-0.01,0.03
2019-09-02,0.04,0.06,0.06,0.01,0.03,0.02,-0.1,0.0,0.02,0.04,0.0,0.0
2019-09-09,0.03,0.06,0.05,0.02,0.01,0.04,-0.04,-0.04,0.04,0.03,0.01,0.02
2019-09-16,0.03,0.04,0.07,0.02,0.05,0.01,-0.26,-0.01,0.04,0.02,0.04,0.05
2019-09-23,0.05,0.11,0.06,0.03,0.05,0.06,-0.17,-0.02,0.06,0.07,0.04,0.04
2019-09-30,0.07,0.08,0.08,0.05,0.05,0.09,0.02,0.08,0.08,0.09,0.05,0.07
2019-10-07,0.06,0.12,0.07,0.04,0.05,0.1,0.16,0.04,0.08,0.08,0.11,0.07
2019-10-14,0.06,0.06,0.08,0.06,0.05,0.1,0.12,0.02,0.1,0.08,0.06,0.05
2019-10-21,0.06,0.12,0.07,0.06,0.09,0.09,0.06,0.05,0.07,0.1,0.05,0.07
2019-10-28,0.08,0.14,0.08,0.07,0.09,0.1,-0.05,0.08,0.12,0.09,0.03,0.07
2019-11-04,0.07,0.15,0.08,0.08,0.07,0.11,0.21,0.04,0.11,0.1,0.12,0.07
2019-11-11,0.07,0.11,0.14,0.08,0.08,0.1,-0.02,0.03,0.12,0.1,0.06,0.07
2019-11-18,0.06,0.13,0.06,0.1,0.06,0.12,-0.07,0.02,0.1,0.11,0.13,0.09
2019-11-25,0.07,0.1,0.13,0.09,0.09,0.13,0.0,0.0,0.14,0.13,0.1,0.09
2019-12-02,0.07,0.08,0.14,0.1,0.13,0.17,-0.23,0.1,0.15,0.14,0.17,0.07
2019-12-09,0.09,0.15,0.12,0.16,0.12,0.2,0.29,0.1,0.18,0.19,0.17,0.13
2019-12-16,0.09,0.22,0.17,0.2,0.14,0.25,0.11,0.11,0.22,0.21,0.25,0.2
2019-12-23,0.07,0.08,0.07,0.12,0.12,0.11,0.02,0.05,0.09,0.12,0.09,0.08
2019-12-30,0.07,0.06,0.03,0.12,0.1,0.07,0.01,0.04,0.1,0.09,0.14,0.06
2020-01-06,0.07,0.06,0.05,0.07,0.08,0.06,-0.05,0.04,0.1,0.07,0.01,0.03
2020-01-13,0.05,0.04,0.02,0.03,0.07,0.03,0.03,0.06,0.08,0.04,0.0,0.02
2020-01-20,0.04,0.01,0.05,0.06,0.05,0.01,0.0,0.02,0.04,0.04,0.01,0.02
2020-01-27,0.04,0.01,0.02,0.03,0.02,0.02,-0.12,0.0,0.06,0.02,0.02,-0.01
2020-02-03,0.04,0.0,0.0,0.02,0.03,0.02,0.26,0.02,0.06,0.0,0.01,-0.01
2020-02-10,0.04,-0.03,0.0,0.03,0.02,0.02,-0.05,0.01,0.04,0.01,-0.01,-0.01
2020-02-17,0.04,-0.02,-0.02,0.0,0.03,0.01,-0.12,0.0,0.03,-0.01,0.05,0.0
2020-02-24,0.05,0.01,-0.04,-0.01,0.03,0.03,-0.07,0.04,0.03,0.01,0.05,0.0
2020-03-02,0.05,-0.02,0.0,0.02,0.03,0.02,0.0,0.02,0.05,0.01,-0.01,0.0
2020-03-09,0.05,0.03,0.0,0.0,0.03,0.03,0.07,0.02,0.05,0.02,-0.03,0.0
2020-03-16,0.04,-0.01,-0.02,0.02,0.03,0.0,0.01,0.03,0.02,0.02,-0.06,-0.04
2020-03-23,0.03,-0.02,-0.01,-0.01,0.02,-0.01,0.0,-0.01,0.02,-0.01,0.01,-0.02
2020-03-30,0.01,-0.01,-0.05,-0.04,0.01,-0.02,-0.04,-0.01,0.01,-0.03,-0.01,-0.04
2020-04-06,0.0,-0.04,-0.06,-0.06,0.0,-0.06,0.01,-0.04,-0.01,-0.06,-0.04,-0.05
2020-04-13,-0.02,-0.1,-0.02,-0.06,0.01,-0.08,-0.11,-0.06,-0.04,-0.06,-0.06,-0.04
2020-04-20,-0.01,-0.04,-0.07,-0.04,0.01,-0.09,-0.09,-0.02,-0.04,-0.06,-0.03,-0.08
2020-04-27,-0.02,-0.06,-0.11,-0.07,0.0,-0.09,-0.36,-0.04,-0.04,-0.08,-0.07,-0.08
2020-05-04,-0.02,-0.08,-0.05,-0.06,-0.02,-0.07,0.03,-0.03,-0.05,-0.06,0.0,-0.08
2020-05-11,-0.02,-0.06,-0.05,-0.05,-0.02,-0.05,0.07,-0.06,-0.04,-0.02,-0.04,-0.06
2020-05-18,-0.02,-0.07,-0.04,-0.04,-0.02,-0.03,0.12,-0.04,-0.02,-0.04,-0.01,-0.05
2020-05-25,-0.01,-0.06,-0.02,-0.04,-0.01,-0.01,0.1,0.07,-0.05,0.0,-0.03,-0.05
2020-06-01,0.0,-0.02,0.0,-0.01,-0.01,0.0,0.08,-0.03,-0.01,0.02,0.0,-0.03
2020-06-08,0.01,-0.01,0.01,0.01,0.0,0.04,0.09,0.01,0.02,0.03,-0.01,0.01
2020-06-15,0.04,0.03,0.02,0.08,0.04,0.1,0.26,0.03,0.08,0.09,0.04,0.03
2020-06-22,0.05,0.04,0.06,0.04,0.05,0.09,0.19,0.08,0.08,0.06,0.09,0.05
2020-06-29,0.06,0.03,0.05,0.11,0.06,0.07,0.14,0.07,0.08,0.07,0.08,0.04
2020-07-06,0.11,0.08,0.05,0.13,0.1,0.13,0.0,0.06,0.13,0.13,0.04,0.08
2020-07-13,0.1,0.06,0.09,0.1,0.08,0.12,0.1,0.08,0.13,0.1,0.07,0.06
2020-07-20,0.07,0.05,0.07,0.03,0.07,0.08,0.02,0.1,0.08,0.07,0.02,0.04
2020-07-27,0.05,0.02,0.04,0.04,0.04,0.06,-0.03,0.02,0.06,0.05,0.01,0.04
2020-08-03,0.04,0.03,0.06,0.03,0.02,0.05,0.04,0.02,0.05,0.04,0.01,0.03
2020-08-10,0.03,0.01,0.02,0.02,0.02,0.03,0.02,0.01,0.04,0.03,0.02,0.01
2020-08-17,0.03,0.03,0.01,0.02,0.03,0.02,0.05,0.01,0.03,0.02,0.0,0.02
2020-08-24,0.02,0.03,0.01,0.01,0.02,0.02,0.2,-0.01,0.02,0.02,0.03,0.01
2020-08-31,0.02,0.01,0.01,0.01,0.02,0.02,0.01,0.01,0.02,0.01,0.02,0.01
2020-09-07,0.01,0.02,0.01,0.01,0.02,0.0,0.02,0.01,0.02,0.01,0.0,0.0
2020-09-14,0.01,0.02,0.0,0.01,0.01,0.01,0.0,0.0,0.01,0.01,0.0,0.0
2020-09-21,0.01,0.01,0.01,-0.01,0.01,0.02,0.0,0.01,0.02,0.01,0.0,0.0
2020-09-28,0.01,-0.03,0.01,0.01,0.04,0.01,0.08,-0.07,0.04,0.01,0.01,0.01
2020-10-05,0.01,0.0,0.02,0.01,0.01,0.01,0.01,0.01,0.01,0.01,0.01,0.0
2020-10-12,0.01,0.0,0.01,0.0,0.01,0.01,0.1,0.0,0.01,0.01,0.11,0.0
2020-10-19,0.01,0.0,0.0,0.01,0.02,0.01,-0.02,0.03,0.01,0.01,0.0,0.01
2020-10-26,0.01,0.01,0.01,0.02,0.01,0.01,0.04,0.0,0.02,0.01,0.0,0.01
2020-11-02,0.02,0.01,0.01,0.03,0.02,0.02,0.05,0.04,0.03,0.01,0.0,0.0
2020-11-09,0.02,0.0,0.0,0.02,0.01,0.02,0.1,0.01,0.03,0.02,0.01,0.0
2020-11-16,0.03,0.02,0.02,0.02,0.02,0.02,0.13,0.0,0.03,0.02,0.02,0.01
2020-11-23,0.02,0.03,0.01,0.02,0.03,0.03,0.2,0.01,0.04,0.02,0.0,0.01
2020-11-30,0.03,0.01,0.02,0.04,0.03,0.03,0.1,0.0,0.04,0.03,0.01,0.02
2020-12-07,0.03,0.02,0.01,0.03,0.04,0.04,0.18,-0.01,0.03,0.04,0.03,0.03
2020-12-14,0.03,0.04,0.04,0.06,0.03,0.04,0.02,0.01,0.04,0.05,0.03,0.02
2020-12-21,0.04,0.03,0.03,0.08,0.04,0.05,0.21,0.01,0.06,0.06,0.03,0.04
2020-12-28,0.05,0.08,0.05,0.08,0.05,0.05,0.11,0.04,0.08,0.05,0.03,0.04
2021-01-04,0.05,0.05,0.04,0.07,0.05,0.08,0.1,0.06,0.07,0.07,0.02,0.04
2021-01-11,0.06,0.03,0.04,0.09,0.05,0.09,0.1,0.04,0.09,0.07,0.12,0.03
2021-01-18,0.08,0.08,0.08,0.11,0.08,0.12,0.06,0.08,0.12,0.1,0.05,0.08
2021-01-25,0.09,0.06,0.09,0.14,0.1,0.1,0.03,0.06,0.09,0.11,0.15,0.08
2021-02-01,0.1,0.07,0.08,0.1,0.1,0.13,0.13,0.15,0.12,0.12,0.18,0.06
2021-02-08,0.09,0.08,0.09,0.08,0.09,0.11,0.35,0.06,0.11,0.09,0.11,0.08
2021-02-15,0.08,0.06,0.05,0.1,0.09,0.08,0.1,0.09,0.09,0.08,0.01,0.08
2021-02-22,0.07,0.06,0.04,0.1,0.07,0.1,0.26,0.02,0.08,0.09,0.07,0.06
2021-03-01,0.06,0.07,0.05,0.07,0.06,0.09,0.29,0.05,0.12,0.07,0.01,0.07
2021-03-08,0.06,0.04,0.05,0.07,0.06,0.08,0.44,0.04,0.07,0.08,0.05,0.06
2021-03-15,0.06,0.02,0.05,0.09,0.04,0.09,0.22,0.04,0.08,0.07,0.0,0.06
2021-03-22,0.05,0.02,0.06,0.04,0.05,0.08,0.52,0.02,0.06,0.06,0.15,0.05
2021-03-29,0.04,0.01,0.04,0.03,0.07,0.06,0.86,0.04,0.05,0.05,0.08,0.09
2021-04-05,0.04,0.03,0.02,0.06,0.05,0.06,0.01,0.03,0.06,0.06,0.03,0.04
2021-04-12,0.07,0.09,0.02,0.04,0.04,0.11,0.09,0.06,0.1,0.07,0.06,0.05
2021-04-19,0.07,0.01,0.06,0.05,0.06,0.12,0.16,0.03,0.11,0.08,0.04,0.08
2021-04-26,0.07,0.02,0.01,0.03,0.09,0.14,0.13,0.04,0.09,0.09,0.09,0.07
2021-05-03,0.08,0.08,0.03,0.06,0.07,0.15,0.02,0.09,0.13,0.09,0.07,0.08
2021-05-10,0.08,0.11,0.04,0.04,0.09,0.13,0.08,0.1,0.14,0.08,0.07,0.08
2021-05-17,0.09,0.08,0.05,0.07,0.05,0.16,0.34,0.06,0.14,0.09,0.09,0.08
2021-05-24,0.09,0.04,0.09,0.04,0.09,0.16,0.24,0.14,0.13,0.07,0.12,0.08
2021-05-31,0.11,0.06,0.08,0.11,0.08,0.15,0.2,0.06,0.17,0.11,0.05,0.07
2021-06-07,0.11,0.06,0.14,0.06,0.09,0.15,0.19,0.08,0.17,0.1,0.03,0.06
2021-06-14,0.12,0.07,0.1,0.1,0.12,0.17,0.22,0.1,0.18,0.12,0.05,0.08
2021-06-21,0.12,0.14,0.11,0.11,0.08,0.16,0.26,0.07,0.18,0.12,0.11,0.11
2021-06-28,0.12,0.11,0.11,0.1,0.09,0.17,0.12,0.11,0.18,0.12,0.0,0.08
2021-07-05,0.16,0.21,0.13,0.11,0.14,0.18,0.08,0.09,0.17,0.14,0.2,0.17
2021-07-12,0.16,0.1,0.14,0.09,0.13,0.2,0.23,0.16,0.19,0.13,0.2,0.17
2021-07-19,0.2,0.11,0.1,0.17,0.16,0.24,0.0,0.1,0.24,0.18,0.27,0.17
2021-07-26,0.19,0.11,0.12,0.15,0.14,0.24,0.0,0.18,0.24,0.17,0.18,0.13
2021-08-02,0.2,0.18,0.08,0.17,0.16,0.26,0.21,0.31,0.24,0.18,0.19,0.15
2021-08-09,0.2,0.15,0.14,0.18,0.17,0.24,0.27,0.21,0.19,0.21,0.28,0.2
2021-08-16,0.21,0.12,0.16,0.17,0.19,0.26,0.23,0.21,0.29,0.21,0.04,0.18
2021-08-23,0.22,0.17,0.15,0.2,0.21,0.26,0.08,0.37,0.29,0.21,0.15,0.12
2021-08-30,0.2,0.15,0.17,0.2,0.18,0.25,0.17,0.25,0.27,0.21,0.18,0.15
2021-09-06,0.18,0.15,0.21,0.2,0.15,0.25,0.19,0.17,0.23,0.2,0.3,0.17
2021-09-13,0.19,0.13,0.12,0.22,0.22,0.24,0.07,0.26,0.24,0.22,0.2,0.15
2021-09-20,0.17,0.19,0.17,0.14,0.19,0.23,0.14,0.17,0.25,0.19,0.23,0.13
2021-09-27,0.16,0.15,0.14,0.19,0.14,0.23,0.16,0.13,0.22,0.19,0.16,0.16
2021-10-04,0.17,0.18,0.17,0.18,0.14,0.21,-0.04,0.17,0.24,0.17,0.13,0.17
2021-10-11,0.17,0.14,0.15,0.15,0.18,0.18,0.28,0.18,0.23,0.17,0.08,0.12
2021-10-18,0.16,0.09,0.09,0.22,0.18,0.18,0.25,0.18,0.17,0.19,0.12,0.15
2021-10-25,0.15,0.22,0.1,0.13,0.11,0.19,0.19,0.12,0.17,0.16,0.2,0.12
2021-11-01,0.14,0.15,0.15,0.21,0.13,0.15,0.16,0.2,0.15,0.14,0.12,0.16
2021-11-08,0.13,0.18,0.17,0.13,0.11,0.14,0.2,0.19,0.15,0.15,0.19,0.1
2021-11-15,0.12,0.14,0.15,0.18,0.08,0.14,0.23,0.11,0.1,0.14,0.12,0.12
2021-11-22,0.1,0.1,0.05,0.19,0.1,0.11,0.28,0.16,0.13,0.1,0.03,0.11
2021-11-29,0.09,0.13,0.06,0.1,0.1,0.11,0.12,0.04,0.11,0.12,0.11,0.08
2021-12-06,0.08,0.16,0.1,0.08,0.07,0.1,0.26,0.09,0.07,0.1,0.07,0.15
2021-12-13,0.04,0.05,0.04,0.06,0.06,0.08,0.2,0.06,0.1,0.05,0.07,0.04
2021-12-20,0.03,0.04,0.02,0.05,0.07,0.04,0.09,0.03,0.07,0.04,0.0,0.07
2021-12-27,0.02,0.0,0.04,0.05,0.04,0.03,0.04,0.06,0.02,0.03,0.0,0.06
2022-01-03,0.01,0.02,0.0,0.04,0.01,0.03,0.24,0.0,0.01,0.03,0.01,0.04
2022-01-10,0.0,-0.01,0.0,0.01,0.03,0.02,0.08,-0.04,0.02,0.03,-0.01,0.01
2022-01-17,0.0,-0.01,0.02,0.01,0.0,0.01,0.12,-0.03,0.0,0.02,0.04,0.0
2022-01-24,-0.01,-0.01,-0.01,-0.01,-0.01,0.0,0.02,0.0,-0.03,0.0,0.08,0.0
2022-01-31,-0.02,-0.01,0.0,-0.01,0.0,-0.02,0.11,-0.03,-0.02,-0.01,0.05,-0.01
2022-02-07,-0.01,-0.03,-0.01,-0.03,0.0,-0.01,0.06,-0.03,-0.03,-0.01,0.02,0.0
2022-02-14,-0.03,0.0,-0.06,0.0,-0.02,-0.02,0.12,-0.08,-0.01,-0.02,0.0,-0.01
2022-02-21,-0.03,-0.06,-0.02,-0.02,-0.03,-0.01,0.13,-0.04,-0.02,-0.02,-0.03,-0.02
2022-02-28,-0.03,-0.02,-0.03,-0.03,-0.02,-0.03,0.02,-0.07,-0.03,-0.03,0.0,-0.02
2022-03-07,-0.04,-0.03,-0.02,-0.01,-0.03,-0.03,0.02,-0.03,-0.04,-0.03,0.0,0.0
2022-03-14,-0.02,-0.02,0.0,-0.02,-0.03,-0.01,0.04,0.02,-0.02,-0.02,0.0,-0.01
2022-03-21,-0.02,0.01,-0.01,-0.02,-0.02,-0.02,0.12,-0.06,-0.02,-0.02,0.0,-0.02
2022-03-28,-0.02,-0.01,-0.03,0.02,0.02,-0.03,0.11,-0.03,-0.04,0.0,0.06,0.02
2022-04-04,-0.01,-0.02,0.0,0.02,-0.01,-0.01,0.04,-0.08,0.0,0.0,0.02,0.0
2022-04-11,-0.01,-0.01,-0.01,-0.01,-0.01,0.01,0.03,0.0,-0.01,-0.01,0.03,0.02
2022-04-18,0.0,0.04,0.0,0.0,-0.01,0.0,0.12,0.01,-0.01,0.0,0.0,0.02
2022-04-25,-0.01,0.01,-0.01,0.0,-0.01,0.01,0.12,0.0,0.01,-0.01,0.01,0.02
2022-05-02,0.0,-0.01,0.01,0.0,0.01,0.01,0.19,0.07,-0.01,0.0,0.01,0.01
2022-05-09,-0.01,-0.01,0.0,0.0,0.0,0.0,0.11,-0.12,0.01,0.01,0.0,-0.01
2022-05-16,-0.02,-0.01,0.02,-0.02,-0.01,0.01,0.02,-0.08,0.01,0.0,0.04,0.0
2022-05-23,-0.01,0.0,0.01,-0.01,-0.01,0.01,0.11,-0.04,0.0,-0.01,0.0,0.03
2022-05-30,-0.01,0.01,0.0,-0.02,-0.02,0.0,0.03,-0.01,-0.03,-0.01,0.03,0.01
2022-06-06,-0.01,0.02,-0.01,-0.03,0.0,0.0,0.01,0.01,-0.01,-0.01,-0.03,0.01
2022-06-13,-0.02,-0.04,-0.05,0.01,0.0,-0.02,-0.04,-0.05,-0.03,-0.01,0.03,0.0
2022-06-20,-0.04,-0.02,-0.01,-0.02,-0.03,-0.03,0.1,-0.02,-0.04,-0.03,0.0,-0.01
2022-06-27,-0.04,-0.1,-0.03,-0.02,-0.02,-0.02,0.07,-0.11,-0.04,-0.02,-0.05,0.01
2022-07-04,-0.05,-0.03,-0.04,-0.04,-0.02,-0.03,-0.02,-0.01,-0.05,-0.03,-0.05,0.0
2022-07-11,-0.06,-0.03,-0.04,-0.02,-0.03,-0.04,0.06,-0.08,-0.05,-0.03,-0.03,-0.02
2022-07-18,-0.09,-0.06,-0.05,-0.04,-0.05,-0.06,0.01,-0.07,-0.07,-0.06,0.05,-0.03
2022-07-25,-0.11,-0.07,-0.09,-0.08,-0.04,-0.07,0.06,-0.06,-0.08,-0.08,-0.05,-0.03
2022-08-01,-0.11,-0.06,-0.08,-0.07,-0.06,-0.06,0.05,-0.08,-0.09,-0.07,-0.05,-0.04
2022-08-08,-0.12,-0.06,-0.07,-0.06,-0.06,-0.09,0.0,-0.13,-0.12,-0.07,-0.01,-0.03
2022-08-15,-0.14,-0.08,-0.11,-0.08,-0.1,-0.1,0.09,-0.05,-0.1,-0.1,-0.12,-0.08
2022-08-22,-0.16,-0.04,-0.08,-0.13,-0.1,-0.13,0.01,-0.11,-0.16,-0.12,-0.11,-0.04
2022-08-29,-0.18,-0.13,-0.11,-0.1,-0.13,-0.14,0.0,-0.16,-0.19,-0.12,-0.1,-0.08
2022-09-05,-0.2,-0.12,-0.14,-0.14,-0.13,-0.17,0.02,-0.2,-0.18,-0.15,-0.08,-0.11
2022-09-12,-0.21,-0.17,-0.17,-0.13,-0.13,-0.18,0.0,-0.14,-0.19,-0.18,-0.14,-0.11
2022-09-19,-0.21,-0.17,-0.15,-0.15,-0.16,-0.2,-0.07,-0.18,-0.24,-0.17,-0.13,-0.13
2022-09-26,-0.23,-0.17,-0.15,-0.18,-0.17,-0.21,0.04,-0.25,-0.23,-0.21,-0.12,-0.11
2022-10-03,-0.24,-0.17,-0.16,-0.22,-0.17,-0.23,-0.01,-0.25,-0.27,-0.2,-0.1,-0.13
2022-10-10,-0.26,-0.17,-0.14,-0.2,-0.2,-0.25,0.01,-0.29,-0.29,-0.21,-0.15,-0.15
2022-10-17,-0.3,-0.27,-0.2,-0.25,-0.25,-0.3,0.04,-0.2,-0.36,-0.27,-0.24,-0.19
2022-10-24,-0.28,-0.23,-0.29,-0.27,-0.24,-0.31,0.05,-0.31,-0.39,-0.26,-0.17,-0.2
2022-10-31,-0.34,-0.28,-0.27,-0.33,-0.28,-0.39,-0.04,-0.32,-0.45,-0.33,-0.26,-0.24
2022-11-07,-0.4,-0.36,-0.25,-0.4,-0.32,-0.44,-0.13,-0.31,-0.49,-0.4,-0.28,-0.27
2022-11-14,-0.5,-0.42,-0.33,-0.46,-0.42,-0.5,-0.12,-0.35,-0.59,-0.47,-0.34,-0.31
2022-11-21,-0.61,-0.42,-0.4,-0.49,-0.49,-0.58,-0.2,-0.54,-0.67,-0.53,-0.43,-0.33
2022-11-28,-0.71,-0.55,-0.4,-0.6,-0.51,-0.61,-0.03,-0.69,-0.68,-0.55,-0.48,-0.46
2022-12-05,-0.69,-0.61,-0.62,-0.52,-0.59,-0.6,-0.24,-0.65,-0.7,-0.58,-0.44,-0.51
2022-12-12,-0.78,-0.58,-0.64,-0.57,-0.63,-0.7,-0.16,-0.54,-0.77,-0.68,-0.38,-0.54
2022-12-19,-0.94,-0.64,-0.59,-0.61,-0.65,-0.83,-0.4,-0.68,-0.97,-0.71,-0.52,-0.51
2022-12-26,-0.96,-0.77,-0.92,-0.64,-0.61,-0.79,-0.3,-0.49,-0.89,-0.75,-0.78,-0.62
2023-01-02,-0.87,-0.76,-0.63,-0.74,-0.57,-0.69,-0.33,-0.72,-0.86,-0.65,-0.29,-0.55
2023-01-09,-0.57,-0.44,-0.42,-0.51,-0.37,-0.48,-0.24,-0.32,-0.6,-0.47,-0.36,-0.29
2023-01-16,-0.37,-0.47,-0.35,-0.4,-0.28,-0.36,-0.16,-0.22,-0.5,-0.34,-0.26,-0.29
2023-01-23,-0.3,-0.5,-0.27,-0.3,-0.25,-0.32,-0.12,-0.44,-0.39,-0.32,-0.21,-0.16
2023-01-30,-0.21,-0.43,-0.27,-0.29,-0.17,-0.26,-0.17,-0.38,-0.29,-0.27,-0.14,-0.18
2023-02-06,-0.28,-0.56,-0.23,-0.3,-0.27,-0.32,-0.22,-0.21,-0.33,-0.33,-0.34,-0.25
2023-02-13,-0.25,-0.42,-0.24,-0.19,-0.22,-0.32,0.02,-0.18,-0.3,-0.34,-0.22,-0.16
2023-02-20,-0.26,-0.26,-0.2,-0.22,-0.25,-0.28,-0.02,-0.14,-0.32,-0.26,-0.28,-0.24
2023-02-27,-0.23,-0.31,-0.16,-0.23,-0.18,-0.27,0.0,-0.31,-0.29,-0.24,-0.2,-0.17
2023-03-06,-0.24,-0.31,-0.22,-0.11,-0.15,-0.23,0.0,-0.16,-0.23,-0.2,-0.15,-0.21
2023-03-13,-0.18,-0.25,-0.08,-0.12,-0.17,-0.17,0.03,-0.17,-0.23,-0.14,-0.12,-0.12
2023-03-20,-0.19,-0.13,-0.19,-0.1,-0.17,-0.16,-0.09,-0.07,-0.17,-0.18,0.01,-0.17
2023-03-27,-0.15,-0.23,-0.08,-0.1,-0.1,-0.15,-0.13,-0.17,-0.15,-0.14,-0.04,-0.08
2023-04-03,-0.15,-0.2,-0.1,-0.01,-0.08,-0.17,-0.07,-0.18,-0.12,-0.14,-0.07,-0.12
2023-04-10,-0.16,-0.12,-0.06,-0.11,-0.12,-0.12,-0.04,-0.09,-0.15,-0.11,-0.09,-0.09
2023-04-17,-0.12,-0.09,-0.1,-0.06,-0.04,-0.1,-0.07,-0.05,-0.08,-0.11,-0.03,-0.06
2023-04-24,-0.09,-0.01,-0.02,0.04,-0.1,-0.09,0.0,-0.05,-0.07,-0.08,-0.05,-0.05
2023-05-01,-0.06,-0.11,-0.05,-0.02,-0.05,-0.06,-0.17,-0.12,-0.03,-0.07,0.0,-0.04
2023-05-08,-0.06,0.11,0.0,0.07,-0.1,-0.06,-0.07,-0.1,-0.03,-0.04,-0.07,-0.03
2023-05-15,-0.04,0.09,-0.04,0.16,-0.04,-0.03,-0.06,-0.04,-0.01,0.0,0.0,-0.01
2023-05-22,-0.02,0.06,0.03,0.15,0.01,0.01,-0.01,-0.02,-0.04,0.06,0.04,0.02
2023-05-29,0.0,0.08,0.07,0.18,0.02,0.01,-0.05,0.08,0.03,0.04,-0.09,0.06
2023-06-05,0.0,0.09,0.08,0.15,0.03,0.02,-0.02,0.01,0.01,0.06,0.05,0.04
2023-06-12,-0.01,0.07,0.04,0.14,0.0,0.02,0.02,0.0,0.02,0.05,0.04,0.0
2023-06-19,0.01,0.23,0.1,0.13,0.0,0.02,-0.05,-0.13,0.05,0.07,0.09,-0.01
2023-06-26,0.01,0.13,0.1,0.15,0.02,0.02,0.02,0.02,-0.02,0.08,0.11,0.02
2023-07-03,-0.01,0.06,0.0,0.14,0.01,0.02,-0.12,-0.08,0.02,0.03,0.16,0.04
2023-07-10,0.02,0.03,0.05,0.15,0.04,0.01,-0.05,-0.02,0.02,0.05,0.07,0.05
2023-07-17,0.06,0.11,0.15,0.05,0.03,0.07,0.04,0.03,0.08,0.08,0.0,0.04
2023-07-24,0.06,0.1,0.08,0.16,0.02,0.07,0.11,-0.02,0.09,0.09,0.07,0.0
2023-07-31,0.07,0.12,0.13,0.15,0.05,0.09,0.02,0.1,0.09,0.1,0.03,0.08
2023-08-07,0.08,0.13,0.11,0.13,0.06,0.09,0.07,0.05,0.12,0.09,0.08,0.06
2023-08-14,0.07,0.14,0.12,0.15,0.08,0.07,0.08,0.03,0.1,0.1,0.05,0.09
2023-08-21,0.11,0.21,0.14,0.23,0.11,0.12,0.05,0.0,0.15,0.16,0.16,0.11
2023-08-28,0.11,0.2,0.13,0.2,0.09,0.12,0.04,0.02,0.16,0.13,0.08,0.1
2023-09-04,0.1,0.2,0.09,0.12,0.08,0.11,0.01,0.1,0.09,0.13,0.07,0.08
2023-09-11,0.12,0.3,0.11,0.19,0.1,0.14,0.04,0.08,0.15,0.15,0.09,0.13
2023-09-18,0.11,0.27,0.15,0.16,0.09,0.11,-0.03,0.0,0.12,0.14,0.12,0.12
2023-09-25,0.08,0.18,0.12,0.1,0.07,0.1,-0.02,0.04,0.12,0.1,0.13,0.07
2023-10-02,0.09,0.09,0.11,0.05,0.07,0.11,0.07,0.06,0.12,0.08,0.09,0.09
2023-10-09,0.07,0.12,0.12,0.06,0.06,0.07,0.01,0.03,0.09,0.08,0.09,0.06
2023-10-16,0.08,0.15,0.14,0.12,0.09,0.07,0.09,0.04,0.09,0.1,0.05,0.1
2023-10-23,0.06,0.06,0.1,0.09,0.05,0.08,0.08,0.03,0.06,0.08,0.1,0.1
2023-10-30,0.07,0.11,0.09,0.1,0.06,0.06,-0.02,0.03,0.07,0.07,0.05,0.08
2023-11-06,0.05,0.07,0.05,0.02,0.05,0.05,0.02,0.04,0.04,0.06,0.06,0.05
2023-11-13,0.04,0.07,0.06,0.04,0.03,0.05,-0.04,-0.06,0.05,0.06,0.03,0.04
2023-11-20,0.03,0.03,0.02,0.02,0.03,0.03,0.01,-0.02,0.0,0.04,0.01,0.07
2023-11-27,0.0,-0.01,0.02,-0.01,0.02,-0.01,-0.01,-0.02,-0.02,0.0,0.04,0.02
2023-12-04,-0.01,0.02,0.01,0.0,-0.01,-0.02,0.02,0.0,-0.03,0.0,-0.07,0.02
2023-12-11,-0.03,-0.01,-0.05,-0.02,-0.04,-0.03,0.01,-0.02,-0.05,-0.03,-0.04,-0.02
2023-12-18,-0.04,-0.04,-0.02,-0.02,-0.03,-0.05,-0.06,-0.05,-0.06,-0.04,-0.02,0.01
2023-12-25,-0.03,0.02,-0.01,0.0,-0.04,-0.04,0.03,-0.06,-0.04,-0.02,-0.04,-0.03
2024-01-01,-0.04,0.01,-0.02,-0.01,-0.01,-0.06,0.01,0.0,-0.05,-0.04,0.01,-0.02
2024-01-08,-0.04,-0.01,-0.03,-0.07,-0.02,-0.05,-0.02,-0.04,-0.05,-0.04,-0.07,-0.02
2024-01-15,-0.03,-0.03,-0.02,-0.05,-0.02,-0.04,-0.02,-0.02,-0.06,-0.03,-0.03,-0.01
2024-01-22,-0.03,-0.01,-0.03,-0.02,-0.02,-0.05,-0.08,-0.04,-0.04,-0.04,-0.02,-0.02
2024-01-29,-0.05,-0.04,-0.03,-0.07,-0.03,-0.05,-0.05,-0.05,-0.08,-0.04,0.02,-0.04
2024-02-05,-0.06,-0.01,-0.03,-0.02,-0.02,-0.07,-0.1,0.01,-0.08,-0.05,-0.03,-0.03
2024-02-12,-0.04,-0.07,-0.02,-0.03,-0.01,-0.03,-0.02,-0.05,-0.04,-0.02,-0.06,-0.02
2024-02-19,-0.03,-0.01,-0.04,0.0,-0.02,-0.04,-0.19,-0.04,-0.05,-0.02,-0.03,-0.01
2024-02-26,-0.02,-0.05,0.0,0.01,-0.01,-0.03,0.01,-0.03,-0.02,-0.02,-0.07,-0.03
2024-03-04,-0.03,-0.05,0.0,0.0,-0.01,-0.02,-0.06,0.0,-0.03,-0.02,-0.01,0.0
2024-03-11,-0.02,0.0,-0.02,0.0,0.01,-0.03,-0.16,-0.05,-0.01,-0.01,-0.05,-0.02
2024-03-18,-0.01,-0.01,0.01,0.03,0.03,-0.02,0.04,-0.07,-0.04,0.02,0.04,-0.01
2024-03-25,0.01,0.07,0.02,0.01,0.03,-0.01,0.0,-0.03,0.0,0.01,-0.02,0.02
2024-04-01,0.02,0.08,0.06,0.04,0.02,0.01,0.03,-0.01,0.0,0.04,-0.01,0.01
2024-04-08,0.02,0.03,0.05,0.07,0.03,0.01,0.01,0.0,0.03,0.03,-0.02,0.04
2024-04-15,0.02,0.04,0.06,0.05,0.03,0.02,-0.04,0.0,0.04,0.03,-0.01,0.04
2024-04-22,0.03,0.09,0.07,0.05,0.02,0.02,-0.08,0.04,0.03,0.04,0.05,0.03
2024-04-29,0.03,0.03,0.08,0.03,0.06,0.02,0.02,-0.04,0.04,0.03,0.01,0.05
2024-05-06,0.03,-0.02,0.07,0.06,0.04,0.02,-0.04,0.03,0.02,0.04,0.04,0.04
2024-05-13,0.03,0.07,0.07,0.05,0.01,0.03,-0.01,0.0,0.03,0.03,-0.01,0.04
2024-05-20,0.05,0.08,0.12,0.09,0.04,0.03,0.03,0.03,0.06,0.05,0.09,0.02
2024-05-27,0.05,0.09,0.06,0.07,0.05,0.06,0.14,0.07,0.06,0.05,0.08,0.08
2024-06-03,0.08,0.17,0.14,0.11,0.08,0.07,-0.05,0.06,0.12,0.09,0.06,0.07
2024-06-10,0.1,0.2,0.14,0.13,0.09,0.09,-0.02,0.02,0.1,0.12,0.11,0.08
2024-06-17,0.15,0.28,0.29,0.26,0.08,0.12,0.05,0.04,0.17,0.15,0.15,0.15
2024-06-24,0.17,0.33,0.22,0.21,0.17,0.15,0.08,0.08,0.22,0.17,0.2,0.15
2024-07-01,0.2,0.33,0.3,0.24,0.17,0.17,0.06,0.08,0.22,0.22,0.3,0.14
2024-07-08,0.23,0.55,0.34,0.3,0.23,0.21,0.04,0.07,0.26,0.28,0.19,0.19
2024-07-15,0.23,0.55,0.33,0.44,0.2,0.25,-0.06,0.07,0.31,0.29,0.33,0.27
2024-07-22,0.25,0.63,0.41,0.4,0.25,0.25,0.01,0.15,0.31,0.34,0.21,0.25
2024-07-29,0.23,0.65,0.34,0.38,0.23,0.24,0.0,0.11,0.28,0.32,0.33,0.23
2024-08-05,0.22,0.39,0.34,0.37,0.21,0.23,-0.08,0.1,0.27,0.27,0.32,0.25
2024-08-12,0.27,0.44,0.33,0.38,0.24,0.32,-0.06,0.17,0.32,0.35,0.28,0.32
2024-08-19,0.22,0.33,0.28,0.32,0.25,0.27,0.01,0.11,0.29,0.3,0.33,0.26
2024-08-26,0.23,0.42,0.28,0.29,0.19,0.26,0.01,0.09,0.25,0.28,0.2,0.26
2024-09-02,0.2,0.27,0.2,0.32,0.2,0.19,0.04,0.07,0.2,0.22,0.29,0.21
2024-09-09,0.22,0.29,0.22,0.29,0.21,0.22,0.06,0.12,0.2,0.25,0.32,0.22
2024-09-16,0.15,0.24,0.18,0.17,0.12,0.17,-0.01,0.09,0.16,0.17,0.17,0.16
2024-09-23,0.12,0.25,0.13,0.16,0.08,0.13,-0.02,0.0,0.12,0.13,0.12,0.16
2024-09-30,0.1,0.08,0.11,0.12,0.07,0.11,0.01,0.05,0.1,0.09,0.14,0.1
2024-10-07,0.1,0.07,0.12,0.07,0.09,0.11,-0.06,-0.03,0.09,0.1,0.18,0.13
2024-10-14,0.11,0.11,0.1,0.09,0.12,0.11,0.02,0.05,0.08,0.11,0.16,0.13
2024-10-21,0.08,0.07,0.07,0.09,0.1,0.08,0.08,0.04,0.09,0.08,0.09,0.1
2024-10-28,0.07,0.05,0.06,0.1,0.05,0.09,-0.04,0.01,0.07,0.09,0.16,0.05
2024-11-04,0.06,0.03,0.1,0.07,0.05,0.07,0.04,0.08,0.03,0.06,0.12,0.1
2024-11-11,0.05,0.06,0.02,0.1,0.02,0.07,0.03,0.0,0.03,0.07,0.09,0.07
2024-11-18,0.05,0.05,0.05,0.06,0.04,0.07,0.05,0.02,0.05,0.07,0.04,0.05
2024-11-25,0.04,-0.01,0.06,0.05,0.03,0.05,0.03,0.0,0.03,0.05,0.05,0.05
2024-12-02,0.03,-0.03,0.04,0.04,0.03,0.04,-0.02,0.01,0.01,0.05,0.02,0.04
2024-12-09,0.01,0.03,0.04,0.04,-0.01,0.03,-0.02,-0.02,0.01,0.03,0.01,0.01
2024-12-16,0.01,0.01,-0.01,0.0,0.02,0.02,0.06,0.0,0.0,0.01,0.03,0.04
2024-12-23,0.0,0.01,0.0,0.0,0.01,0.01,0.03,-0.04,0.01,0.0,0.05,0.02
2024-12-30,-0.01,0.0,0.0,0.03,-0.01,0.0,-0.03,-0.06,-0.02,0.01,0.04,0.02
2025-01-06,0.0,-0.02,-0.02,0.01,0.01,0.01,0.01,-0.03,-0.01,0.01,0.03,0.03
2025-01-13,-0.01,-0.02,0.02,0.0,0.0,-0.01,-0.05,-0.04,-0.03,0.01,-0.02,0.01
2025-01-20,-0.01,0.04,0.02,0.05,-0.01,-0.01,-0.05,0.0,-0.01,0.01,0.02,0.0
2025-02-03,0.01,0.0,-0.03,0.06,0.02,0.02,0.19,-0.11,0.03,0.03,0.06,0.02
2025-02-10,-0.01,0.05,0.08,0.04,-0.01,0.02,0.06,0.07,-0.01,0.03,0.06,0.03
2025-02-17,-0.01,0.05,-0.01,0.19,0.04,0.04,-0.09,-0.03,0.02,0.07,0.11,0.08
2025-02-24,0.02,0.17,0.06,0.27,0.06,0.09,0.07,0.0,0.07,0.13,0.15,0.11
2025-03-03,0.02,0.1,0.13,0.32,0.1,0.12,0.04,0.02,0.09,0.16,0.29,0.14
2025-03-10,0.07,0.17,0.19,0.37,0.17,0.18,0.02,0.04,0.11,0.24,0.34,0.23
2025-03-17,0.1,0.22,0.2,0.33,0.19,0.27,0.01,0.15,0.2,0.26,0.38,0.29
2025-03-24,0.07,0.07,0.07,-0.01,0.03,0.16,-0.04,-0.03,0.13,0.1,0.28,0.1
2025-03-31,0.06,0.14,0.12,0.14,0.02,0.13,-0.08,0.01,0.09,0.12,0.15,0.12
2025-04-07,0.05,-0.53,0.26,0.01,0.07,0.14,-0.11,-0.12,0.0,0.1,-0.11,0.27
2025-04-14,0.06,0.04,0.1,0.14,0.04,0.08,-0.06,-0.04,0.09,0.08,0.14,0.09
2025-04-21,0.05,0.04,0.09,0.11,0.03,0.09,-0.14,-0.01,0.06,0.1,0.09,0.09
2025-04-28,0.05,0.1,0.11,0.08,0.08,0.09,0.04,0.04,0.09,0.09,0.13,0.09
2025-05-05,0.05,0.05,0.09,0.1,0.07,0.08,-0.08,0.0,0.07,0.09,0.13,0.07
2025-05-12,0.05,0.06,0.15,0.11,0.1,0.09,0.06,0.02,0.1,0.11,0.16,0.08
2025-05-19,0.06,0.06,0.11,0.08,0.1,0.14,0.0,-0.02,0.11,0.16,0.11,0.12
2025-05-26,0.08,0.09,0.23,0.13,0.14,0.17,-0.19,0.06,0.14,0.17,0.27,0.19
2025-06-02,0.1,0.17,0.23,0.17,0.21,0.19,0.0,0.13,0.19,0.2,0.24,0.17
2025-06-09,0.16,0.25,0.35,0.2,0.27,0.26,-0.11,0.06,0.26,0.27,0.38,0.26
2025-06-16,0.24,0.49,0.44,0.26,0.29,0.36,0.06,0.07,0.36,0.37,0.41,0.38
2025-06-23,0.31,0.62,0.51,0.34,0.38,0.44,-0.02,0.13,0.44,0.45,0.42,0.49
2025-06-30,0.3,0.42,0.46,0.31,0.36,0.42,-0.05,0.15,0.42,0.4,0.48,0.42
2025-07-07,0.22,0.27,0.26,0.16,0.24,0.32,-0.09,0.1,0.29,0.28,0.45,0.31
2025-07-14,0.16,0.18,0.15,0.17,0.17,0.2,-0.01,0.04,0.2,0.2,0.2,0.17
2025-07-21,0.11,0.12,0.19,0.09,0.16,0.17,0.02,-0.02,0.19,0.16,0.09,0.2
2025-07-28,0.08,0.09,0.14,0.09,0.1,0.14,-0.04,0.04,0.13,0.11,0.15,0.15
2025-08-04,0.1,0.14,0.13,0.08,0.15,0.14,-0.02,-0.02,0.16,0.14,0.12,0.13
2025-08-11,0.06,0.04,0.13,0.09,0.13,0.1,-0.07,0.02,0.1,0.11,0.14,0.12
2025-08-18,0.05,0.04,0.09,0.05,0.1,0.09,-0.04,0.05,0.07,0.1,0.04,0.11
2025-08-25,0.06,-0.01,0.09,0.11,0.07,0.09,-0.06,0.07,0.1,0.07,0.12,0.09
2025-09-01,0.07,0.08,0.11,0.05,0.07,0.09,-0.13,-0.03,0.11,0.08,0.13,0.09
2025-09-08,0.08,0.01,0.06,0.09,0.07,0.11,-0.14,0.07,0.09,0.1,0.09,0.1
2025-09-15,0.11,0.18,0.15,0.12,0.11,0.12,0.02,0.07,0.15,0.12,0.12,0.1
2025-09-22,0.17,0.19,0.25,0.12,0.14,0.2,-0.02,0.08,0.24,0.19,0.15,0.14
2025-09-29,0.26,0.28,0.4,0.16,0.2,0.28,-0.1,0.15,0.32,0.28,0.26,0.24
2025-10-13,0.5,0.65,0.82,0.42,0.41,0.55,-0.02,0.19,0.6,0.57,0.56,0.51
2025-10-20,0.41,0.63,0.59,0.47,0.31,0.53,0.03,0.38,0.53,0.55,0.41,0.46
2025-10-27,0.14,0.27,0.26,0.17,0.18,0.24,-0.01,0.09,0.23,0.27,0.27,0.18
2025-11-03,0.11,0.27,0.21,0.13,0.18,0.19,0.07,0.15,0.2,0.19,0.27,0.16
2025-11-10,0.12,0.19,0.24,0.17,0.18,0.17,-0.08,0.12,0.2,0.18,0.24,0.12
2025-11-17,0.13,0.2,0.17,0.18,0.19,0.21,0.14,0.08,0.22,0.21,0.16,0.24
2025-11-24,0.12,0.18,0.2,0.12,0.11,0.2,0.03,0.08,0.21,0.19,0.15,0.16
2025-12-01,0.11,0.17,0.16,0.11,0.11,0.19,0.01,0.07,0.2,0.18,0.2,0.15
2025-12-08,0.13,0.15,0.16,0.17,0.16,0.19,0.0,0.14,0.2,0.19,0.22,0.16
2025-12-15,0.13,0.2,0.17,0.16,0.14,0.19,0.14,0.14,0.2,0.17,0.2,0.17
2025-12-22,0.15,0.17,0.18,0.23,0.16,0.24,-0.07,0.11,0.25,0.21,0.17,0.23
